Branch_ID,Branch_Name,Location,Manager_ID
1,Downtown Financial Center,100 Main Street,1001
2,Midtown Investment Hub,200 Elm Avenue,1002
3,Uptown Wealth Management,300 Oak Lane,1003
4,Central Bank Plaza,400 Pine Street,1004
5,Riverside Branch,500 Maple Drive,1005
6,Park Avenue Financial Services,600 Cedar Avenue,1006
7,Harbor View Bank,700 Birch Lane,1007
8,Skyline Credit Union,800 Willow Street,1008
9,Lakeside Branch,900 Spruce Drive,1009
10,Valley Trust Center,1000 Cherry Lane,1010
11,Mountain View Bank,1100 Sycamore Avenue,1011
12,Oceanfront Credit Union,1200 Walnut Street,1012
13,Sunset Boulevard Branch,1300 Magnolia Drive,1013
14,Green Hills Financial Center,1400 Poplar Lane,1014
15,Sunrise Avenue Bank,1500 Ash Street,1015
16,Maplewood Credit Union,1600 Cypress Drive,1016
17,Pinecrest Investment Hub,1700 Juniper Lane,1017
18,Riverbank Financial Services,1800 Fir Street,1018
19,Hilltop Bank,1900 Cedar Avenue,1019
20,Meadowlands Branch,2000 Birch Lane,1020