Account_Type,Account_Number,Open_Date,Close_Date,Customer_ID,Status,Balance,Currency,Last_Transaction_Date
Savings,10001,15/1/2023,NULL,1,Active,5000,USD,20/10/2023
Checking,10002,28/2/2023,NULL,2,Active,2500,USD,21/10/2023
Investment,10003,10/3/2023,NULL,3,Active,10000,USD,22/10/2023
Savings,10004,5/4/2023,NULL,4,Active,7500,USD,23/10/2023
Checking,10005,20/5/2023,NULL,5,Active,3000,USD,24/10/2023
Savings,10006,12/6/2023,NULL,6,Active,6000,USD,25/10/2023
Investment,10007,30/7/2023,NULL,7,Active,15000,USD,26/10/2023
Checking,10008,17/8/2023,NULL,8,Active,4000,USD,27/10/2023
Savings,10009,4/9/2023,NULL,9,Active,8000,USD,28/10/2023
Checking,10010,9/10/2023,NULL,10,Active,3500,USD,29/10/2023
Investment,10011,22/11/2023,NULL,11,Active,20000,USD,30/10/2023
Savings,10012,3/12/2023,NULL,12,Active,9000,USD,31/10/2023
Checking,10013,14/1/2024,NULL,13,Active,5000,USD,1/11/2023
Investment,10014,25/2/2024,NULL,14,Active,25000,USD,2/11/2023
Savings,10015,18/3/2024,NULL,15,Active,12000,USD,3/11/2023
Checking,10016,29/4/2024,NULL,16,Active,6000,USD,4/11/2023
Savings,10017,30/5/2024,NULL,17,Active,15000,USD,5/11/2023
Checking,10018,21/6/2024,NULL,18,Active,7000,USD,6/11/2023
Investment,10019,12/7/2024,NULL,19,Active,30000,USD,7/11/2023
Savings,10020,3/8/2024,NULL,20,Active,18000,USD,8/11/2023
Checking,10021,14/9/2024,NULL,21,Active,8000,USD,9/11/2023
Investment,10022,25/10/2024,NULL,22,Active,35000,USD,10/11/2023
Savings,10023,16/11/2024,NULL,23,Active,21000,USD,11/11/2023
Checking,10024,27/12/2024,NULL,24,Active,10000,USD,12/11/2023
Investment,10025,8/1/2025,NULL,25,Active,40000,USD,13/11/2023
Savings,10026,19/2/2025,NULL,26,Active,24000,USD,14/11/2023
Checking,10027,22/3/2025,NULL,27,Active,12000,USD,15/11/2023
Checking,10028,15/1/2023,NULL,28,Active,5000,USD,20/10/2023
Checking,10029,28/2/2023,NULL,29,Active,2500,USD,21/10/2023
Checking,10030,10/3/2023,NULL,30,Active,10000,USD,22/10/2023
Checking,10031,5/4/2023,NULL,31,Active,7500,USD,23/10/2023
Checking,10032,20/5/2023,NULL,32,Active,3000,USD,24/10/2023
Checking,10033,12/6/2023,NULL,33,Active,6000,USD,25/10/2023
Checking,10034,30/7/2023,NULL,34,Active,15000,USD,26/10/2023
Checking,10035,17/8/2023,NULL,35,Active,4000,USD,27/10/2023
Checking,10036,4/9/2023,NULL,36,Active,8000,USD,28/10/2023
Checking,10037,9/10/2023,NULL,37,Active,3500,USD,29/10/2023
Checking,10038,22/11/2023,NULL,38,Active,20000,USD,30/10/2023
Checking,10039,3/12/2023,NULL,39,Active,9000,USD,31/10/2023
Checking,10040,14/1/2024,NULL,40,Active,5000,USD,1/11/2023
Checking,10041,25/2/2024,NULL,41,Active,25000,USD,2/11/2023
Checking,10042,18/3/2024,NULL,42,Active,12000,USD,3/11/2023
Checking,10043,29/4/2024,NULL,43,Active,6000,USD,4/11/2023
Checking,10044,30/5/2024,NULL,44,Active,15000,USD,5/11/2023
Checking,10045,21/6/2024,NULL,45,Active,7000,USD,6/11/2023
Checking,10046,12/7/2024,NULL,46,Active,30000,USD,7/11/2023
Checking,10047,3/8/2024,NULL,47,Active,18000,USD,8/11/2023
Checking,10048,14/9/2024,NULL,48,Active,8000,USD,9/11/2023
Checking,10049,25/10/2024,NULL,49,Active,35000,USD,10/11/2023
Checking,10050,16/11/2024,NULL,50,Active,21000,USD,11/11/2023
Checking,10051,27/12/2024,NULL,51,Active,10000,USD,12/11/2023
Checking,10052,15/1/2023,NULL,52,Active,40000,USD,13/11/2023
Checking,10053,28/2/2023,NULL,53,Active,24000,USD,14/11/2023
Checking,10054,10/3/2023,NULL,54,Active,12000,USD,15/11/2023
Checking,10055,5/4/2023,NULL,55,Active,5000,USD,16/11/2023
Checking,10056,20/5/2023,NULL,56,Active,2500,USD,17/11/2023
Checking,10057,12/6/2023,NULL,57,Active,10000,USD,18/11/2023
Checking,10058,30/7/2023,NULL,58,Active,7500,USD,19/11/2023
Checking,10059,17/8/2023,NULL,59,Active,3000,USD,20/11/2023
Checking,10060,4/9/2023,NULL,60,Active,6000,USD,21/11/2023
Checking,10061,9/10/2023,NULL,61,Active,15000,USD,22/11/2023
Checking,10062,22/11/2023,NULL,62,Active,4000,USD,23/11/2023
Checking,10063,3/12/2023,NULL,63,Active,8000,USD,20/10/2023
Checking,10064,14/1/2024,NULL,64,Active,3500,USD,21/10/2023
Checking,10065,25/2/2024,NULL,65,Active,20000,USD,22/10/2023
Checking,10066,18/3/2024,NULL,66,Active,9000,USD,23/10/2023
Checking,10067,29/4/2024,NULL,67,Active,5000,USD,24/10/2023
Checking,10068,30/5/2024,NULL,68,Active,25000,USD,25/10/2023
Checking,10069,21/6/2024,NULL,69,Active,12000,USD,26/10/2023
Checking,10070,12/7/2024,NULL,70,Active,6000,USD,27/10/2023
Checking,10071,3/8/2024,NULL,71,Active,15000,USD,28/10/2023
Checking,10072,14/9/2024,NULL,72,Active,7000,USD,29/10/2023
Checking,10073,25/10/2024,NULL,73,Active,30000,USD,30/10/2023
Checking,10074,16/11/2024,NULL,74,Active,18000,USD,31/10/2023
Checking,10075,27/12/2024,NULL,75,Active,8000,USD,1/11/2023
Checking,10076,8/1/2025,NULL,76,Active,35000,USD,20/10/2023
Checking,10077,19/2/2025,NULL,77,Active,21000,USD,21/10/2023
Checking,10078,22/3/2025,NULL,78,Active,10000,USD,22/10/2023
Checking,10079,15/1/2023,NULL,79,Active,40000,USD,23/10/2023
Checking,10080,28/2/2023,NULL,80,Active,24000,USD,24/10/2023
Checking,10081,10/3/2023,NULL,81,Active,12000,USD,25/10/2023
Checking,10082,5/4/2023,NULL,82,Active,5000,USD,26/10/2023
Checking,10083,20/5/2023,NULL,83,Active,2500,USD,27/10/2023
Checking,10084,12/6/2023,NULL,84,Active,10000,USD,28/10/2023
Checking,10085,30/7/2023,NULL,85,Active,7500,USD,29/10/2023
Checking,10086,17/8/2023,NULL,86,Active,3000,USD,30/10/2023
Checking,10087,4/9/2023,NULL,87,Active,6000,USD,31/10/2023
Checking,10088,9/10/2023,NULL,88,Active,15000,USD,1/11/2023
Checking,10089,22/11/2023,NULL,89,Active,4000,USD,2/11/2023
Checking,10090,3/12/2023,NULL,90,Active,8000,USD,3/11/2023
Checking,10091,14/1/2024,NULL,91,Active,3500,USD,4/11/2023
Checking,10092,25/2/2024,NULL,92,Active,20000,USD,5/11/2023
Checking,10093,18/3/2024,NULL,93,Active,9000,USD,6/11/2023
Checking,10094,29/4/2024,NULL,94,Active,5000,USD,7/11/2023
Checking,10095,30/5/2024,NULL,95,Active,25000,USD,8/11/2023
Checking,10096,21/6/2024,NULL,96,Active,12000,USD,9/11/2023
Checking,10097,12/7/2024,NULL,97,Active,6000,USD,10/11/2023
Checking,10098,3/8/2024,NULL,98,Active,15000,USD,11/11/2023
Checking,10099,14/9/2024,NULL,99,Active,7000,USD,12/11/2023
Checking,10100,25/10/2024,NULL,100,Active,30000,USD,13/11/2023
Checking,10101,16/11/2024,NULL,101,Active,18000,USD,14/11/2023
Checking,10102,27/12/2024,NULL,102,Active,8000,USD,15/11/2023
Investment,10103,15/1/2023,NULL,103,Active,35000,USD,20/10/2023
Checking,10104,28/2/2023,NULL,104,Active,21000,USD,21/10/2023
Investment,10105,10/3/2023,NULL,105,Active,10000,USD,22/10/2023
Checking,10106,5/4/2023,NULL,106,Active,40000,USD,23/10/2023
Investment,10107,20/5/2023,NULL,107,Active,24000,USD,24/10/2023
Checking,10108,12/6/2023,NULL,108,Active,12000,USD,25/10/2023
Investment,10109,30/7/2023,NULL,109,Active,5000,USD,26/10/2023
Checking,10110,17/8/2023,NULL,110,Active,2500,USD,27/10/2023
Investment,10111,4/9/2023,NULL,111,Active,10000,USD,28/10/2023
Checking,10112,9/10/2023,NULL,112,Active,7500,USD,29/10/2023
Investment,10113,22/11/2023,NULL,113,Active,3000,USD,30/10/2023
Checking,10114,3/12/2023,NULL,114,Active,6000,USD,31/10/2023
Investment,10115,14/1/2024,NULL,115,Active,15000,USD,1/11/2023
Checking,10116,25/2/2024,NULL,116,Active,4000,USD,2/11/2023
Investment,10117,18/3/2024,NULL,117,Active,8000,USD,3/11/2023
Checking,10118,29/4/2024,NULL,118,Active,3500,USD,4/11/2023
Investment,10119,30/5/2024,NULL,119,Active,20000,USD,5/11/2023
Checking,10120,21/6/2024,NULL,120,Active,9000,USD,6/11/2023
Investment,10121,12/7/2024,NULL,121,Active,5000,USD,7/11/2023
Checking,10122,3/8/2024,NULL,122,Active,25000,USD,8/11/2023
Investment,10123,14/9/2024,NULL,123,Active,12000,USD,9/11/2023
Checking,10124,25/10/2024,NULL,124,Active,6000,USD,10/11/2023
Investment,10125,16/11/2024,NULL,125,Active,15000,USD,11/11/2023
Checking,10126,27/12/2024,NULL,126,Active,7000,USD,12/11/2023
Investment,10127,8/1/2025,NULL,127,Active,30000,USD,13/11/2023
Checking,10128,19/2/2025,NULL,128,Active,18000,USD,14/11/2023
Investment,10129,22/3/2025,NULL,129,Active,8000,USD,15/11/2023
Checking,10130,15/1/2023,NULL,130,Active,35000,USD,16/11/2023
Investment,10131,28/2/2023,NULL,131,Active,21000,USD,17/11/2023
Checking,10132,10/3/2023,NULL,132,Active,10000,USD,18/11/2023
Investment,10133,5/4/2023,NULL,133,Active,40000,USD,19/11/2023
Checking,10134,20/5/2023,NULL,134,Active,24000,USD,20/11/2023
Investment,10135,12/6/2023,NULL,135,Active,12000,USD,21/11/2023
Checking,10136,30/7/2023,NULL,136,Active,5000,USD,22/11/2023
Investment,10137,17/8/2023,NULL,137,Active,2500,USD,23/11/2023
Checking,10138,4/9/2023,NULL,138,Active,10000,USD,20/10/2023
Investment,10139,9/10/2023,NULL,139,Active,7500,USD,21/10/2023
Checking,10140,22/11/2023,NULL,140,Active,3000,USD,22/10/2023
Investment,10141,3/12/2023,NULL,141,Active,6000,USD,23/10/2023
Checking,10142,14/1/2024,NULL,142,Active,15000,USD,24/10/2023
Investment,10143,25/2/2024,NULL,143,Active,4000,USD,25/10/2023
Checking,10144,18/3/2024,NULL,144,Active,8000,USD,26/10/2023
Investment,10145,29/4/2024,NULL,145,Active,3500,USD,27/10/2023
Checking,10146,30/5/2024,NULL,146,Active,20000,USD,28/10/2023
Investment,10147,21/6/2024,NULL,147,Active,9000,USD,29/10/2023
Checking,10148,12/7/2024,NULL,148,Active,5000,USD,30/10/2023
Investment,10149,3/8/2024,NULL,149,Active,25000,USD,31/10/2023
Checking,10150,14/9/2024,NULL,150,Active,12000,USD,1/11/2023
Investment,10151,25/10/2024,NULL,151,Active,6000,USD,20/10/2023
Checking,10152,16/11/2024,NULL,152,Active,15000,USD,21/10/2023
Investment,10153,27/12/2024,NULL,153,Active,7000,USD,22/10/2023
Checking,10154,15/1/2023,NULL,154,Active,30000,USD,23/10/2023
Investment,10155,28/2/2023,NULL,155,Active,18000,USD,24/10/2023
Checking,10156,10/3/2023,NULL,156,Active,8000,USD,25/10/2023
Investment,10157,5/4/2023,NULL,157,Active,35000,USD,26/10/2023
Checking,10158,20/5/2023,NULL,158,Active,21000,USD,27/10/2023
Investment,10159,12/6/2023,NULL,159,Active,10000,USD,28/10/2023
Checking,10160,30/7/2023,NULL,160,Active,40000,USD,29/10/2023
Investment,10161,17/8/2023,NULL,161,Active,24000,USD,30/10/2023
Checking,10162,4/9/2023,NULL,162,Active,12000,USD,31/10/2023
Investment,10163,9/10/2023,NULL,163,Active,5000,USD,1/11/2023
Checking,10164,22/11/2023,NULL,164,Active,2500,USD,2/11/2023
Investment,10165,3/12/2023,NULL,165,Active,10000,USD,3/11/2023
Checking,10166,14/1/2024,NULL,166,Active,7500,USD,4/11/2023
Investment,10167,25/2/2024,NULL,167,Active,3000,USD,5/11/2023
Checking,10168,18/3/2024,NULL,168,Active,6000,USD,6/11/2023
Investment,10169,29/4/2024,NULL,169,Active,15000,USD,7/11/2023
Checking,10170,30/5/2024,NULL,170,Active,4000,USD,8/11/2023
Investment,10171,21/6/2024,NULL,171,Active,8000,USD,9/11/2023
Checking,10172,12/7/2024,NULL,172,Active,3500,USD,10/11/2023
Investment,10173,3/8/2024,NULL,173,Active,20000,USD,11/11/2023
Checking,10174,14/9/2024,NULL,174,Active,9000,USD,12/11/2023
Investment,10175,25/10/2024,NULL,175,Active,5000,USD,13/11/2023
Checking,10176,16/11/2024,NULL,176,Active,25000,USD,14/11/2023
Investment,10177,27/12/2024,NULL,177,Active,12000,USD,15/11/2023
Checking,10178,8/1/2025,NULL,178,Active,6000,USD,20/10/2023
Investment,10179,19/2/2025,NULL,179,Active,15000,USD,21/10/2023
Checking,10180,22/3/2025,NULL,180,Active,7000,USD,22/10/2023
Investment,10181,15/1/2023,NULL,181,Active,30000,USD,23/10/2023
Checking,10182,28/2/2023,NULL,182,Active,18000,USD,24/10/2023
Investment,10183,10/3/2023,NULL,183,Active,8000,USD,25/10/2023
Checking,10184,5/4/2023,NULL,184,Active,35000,USD,26/10/2023
Investment,10185,20/5/2023,NULL,185,Active,21000,USD,27/10/2023
Checking,10186,12/6/2023,NULL,186,Active,10000,USD,28/10/2023
Investment,10187,30/7/2023,NULL,187,Active,40000,USD,29/10/2023
Checking,10188,17/8/2023,NULL,188,Active,24000,USD,30/10/2023
Investment,10189,4/9/2023,NULL,189,Active,12000,USD,31/10/2023
Checking,10190,9/10/2023,NULL,190,Active,5000,USD,1/11/2023
Investment,10191,22/11/2023,NULL,191,Active,2500,USD,2/11/2023
Checking,10192,3/12/2023,NULL,192,Active,10000,USD,3/11/2023
Investment,10193,14/1/2024,NULL,193,Active,7500,USD,4/11/2023
Checking,10194,25/2/2024,NULL,194,Active,3000,USD,5/11/2023
Investment,10195,18/3/2024,NULL,195,Active,6000,USD,6/11/2023
Checking,10196,29/4/2024,NULL,196,Active,15000,USD,7/11/2023
Investment,10197,30/5/2024,NULL,197,Active,4000,USD,8/11/2023
Checking,10198,21/6/2024,NULL,198,Active,8000,USD,9/11/2023
Investment,10199,12/7/2024,NULL,199,Active,3500,USD,10/11/2023
Checking,10200,3/8/2024,NULL,200,Active,20000,USD,11/11/2023
Investment,10201,14/9/2024,NULL,201,Active,9000,USD,12/11/2023
Checking,10202,25/10/2024,NULL,202,Active,5000,USD,13/11/2023
Investment,10203,16/11/2024,NULL,203,Active,25000,USD,14/11/2023
Checking,10204,27/12/2024,NULL,204,Active,12000,USD,15/11/2023
Investment,10205,15/1/2023,NULL,205,Active,6000,USD,16/11/2023
Checking,10206,28/2/2023,NULL,206,Active,15000,USD,17/11/2023
Investment,10207,10/3/2023,NULL,207,Active,7000,USD,18/11/2023
Checking,10208,5/4/2023,NULL,208,Active,30000,USD,19/11/2023
Investment,10209,20/5/2023,NULL,209,Active,18000,USD,20/11/2023
Checking,10210,12/6/2023,NULL,210,Active,8000,USD,21/11/2023
Investment,10211,30/7/2023,NULL,211,Active,35000,USD,22/11/2023
Checking,10212,17/8/2023,NULL,212,Active,21000,USD,23/11/2023
Investment,10213,4/9/2023,NULL,213,Active,10000,USD,20/10/2023
Checking,10214,9/10/2023,NULL,214,Active,40000,USD,21/10/2023
Investment,10215,22/11/2023,NULL,215,Active,24000,USD,22/10/2023
Checking,10216,3/12/2023,NULL,216,Active,12000,USD,23/10/2023
Investment,10217,14/1/2024,NULL,217,Active,5000,USD,24/10/2023
Checking,10218,25/2/2024,NULL,218,Active,2500,USD,25/10/2023
Investment,10219,18/3/2024,NULL,219,Active,10000,USD,26/10/2023
Checking,10220,29/4/2024,NULL,220,Active,7500,USD,27/10/2023
Investment,10221,30/5/2024,NULL,221,Active,3000,USD,28/10/2023
Checking,10222,21/6/2024,NULL,222,Active,6000,USD,29/10/2023
Investment,10223,12/7/2024,NULL,223,Active,15000,USD,30/10/2023
Checking,10224,3/8/2024,NULL,224,Active,4000,USD,31/10/2023
Investment,10225,14/9/2024,NULL,225,Active,8000,USD,1/11/2023
Checking,10226,25/10/2024,NULL,226,Active,3500,USD,20/10/2023
Investment,10227,16/11/2024,NULL,227,Active,20000,USD,21/10/2023
Checking,10228,27/12/2024,NULL,228,Active,9000,USD,22/10/2023
Investment,10229,8/1/2025,NULL,229,Active,5000,USD,23/10/2023
Checking,10230,19/2/2025,NULL,230,Active,25000,USD,24/10/2023
Investment,10231,22/3/2025,NULL,231,Active,12000,USD,25/10/2023
Checking,10232,15/1/2023,NULL,232,Active,6000,USD,26/10/2023
Investment,10233,28/2/2023,NULL,233,Active,15000,USD,27/10/2023
Checking,10234,10/3/2023,NULL,234,Active,7000,USD,28/10/2023
Investment,10235,5/4/2023,NULL,235,Active,30000,USD,29/10/2023
Checking,10236,20/5/2023,NULL,236,Active,18000,USD,30/10/2023
Investment,10237,12/6/2023,NULL,237,Active,8000,USD,31/10/2023
Checking,10238,30/7/2023,NULL,238,Active,35000,USD,1/11/2023
Investment,10239,17/8/2023,NULL,239,Active,21000,USD,2/11/2023
Checking,10240,4/9/2023,NULL,240,Active,10000,USD,3/11/2023
Investment,10241,9/10/2023,NULL,241,Active,40000,USD,4/11/2023
Checking,10242,22/11/2023,NULL,242,Active,24000,USD,5/11/2023
Investment,10243,3/12/2023,NULL,243,Active,12000,USD,6/11/2023
Checking,10244,14/1/2024,NULL,244,Active,5000,USD,7/11/2023
Investment,10245,25/2/2024,NULL,245,Active,2500,USD,8/11/2023
Checking,10246,18/3/2024,NULL,246,Active,10000,USD,9/11/2023
Investment,10247,29/4/2024,NULL,247,Active,7500,USD,10/11/2023
Checking,10248,30/5/2024,NULL,248,Active,3000,USD,11/11/2023
Investment,10249,21/6/2024,NULL,249,Active,6000,USD,12/11/2023
Checking,10250,12/7/2024,NULL,250,Active,15000,USD,13/11/2023
Investment,10251,3/8/2024,NULL,251,Active,4000,USD,14/11/2023
Checking,10252,14/9/2024,NULL,252,Active,8000,USD,15/11/2023
Investment,10253,25/10/2024,NULL,253,Active,3500,USD,20/10/2023
Checking,10254,16/11/2024,NULL,254,Active,20000,USD,21/10/2023
Investment,10255,27/12/2024,NULL,255,Active,9000,USD,22/10/2023
Checking,10256,15/1/2023,NULL,256,Active,5000,USD,23/10/2023
Investment,10257,28/2/2023,NULL,257,Active,25000,USD,24/10/2023
Checking,10258,10/3/2023,NULL,258,Active,12000,USD,25/10/2023
Investment,10259,5/4/2023,NULL,259,Active,6000,USD,26/10/2023
Checking,10260,20/5/2023,NULL,260,Active,15000,USD,27/10/2023
Investment,10261,12/6/2023,NULL,261,Active,7000,USD,28/10/2023
Checking,10262,30/7/2023,NULL,262,Active,30000,USD,29/10/2023
Investment,10263,17/8/2023,NULL,263,Active,18000,USD,30/10/2023
Checking,10264,4/9/2023,NULL,264,Active,8000,USD,31/10/2023
Investment,10265,9/10/2023,NULL,265,Active,35000,USD,1/11/2023
Checking,10266,22/11/2023,NULL,266,Active,21000,USD,2/11/2023
Investment,10267,3/12/2023,NULL,267,Active,10000,USD,3/11/2023
Checking,10268,14/1/2024,NULL,268,Active,40000,USD,4/11/2023
Investment,10269,25/2/2024,NULL,269,Active,24000,USD,5/11/2023
Checking,10270,18/3/2024,NULL,270,Active,12000,USD,6/11/2023
Investment,10271,29/4/2024,NULL,271,Active,5000,USD,7/11/2023
Checking,10272,30/5/2024,NULL,272,Active,2500,USD,8/11/2023
Investment,10273,21/6/2024,NULL,273,Active,10000,USD,9/11/2023
Checking,10274,12/7/2024,NULL,274,Active,7500,USD,10/11/2023
Investment,10275,3/8/2024,NULL,275,Active,3000,USD,11/11/2023
Checking,10276,14/9/2024,NULL,276,Active,6000,USD,12/11/2023
Investment,10277,25/10/2024,NULL,277,Active,15000,USD,13/11/2023
Checking,10278,16/11/2024,NULL,278,Active,4000,USD,14/11/2023
Investment,10279,27/12/2024,NULL,279,Active,8000,USD,15/11/2023
Checking,10280,8/1/2025,NULL,280,InActive,3500,USD,16/11/2023
Investment,10281,19/2/2025,NULL,281,InActive,20000,USD,17/11/2023
Checking,10282,22/3/2025,NULL,282,InActive,9000,USD,18/11/2023
Investment,10283,15/1/2023,NULL,283,InActive,5000,USD,19/11/2023
Investment,10284,28/2/2023,NULL,284,InActive,25000,USD,20/11/2023
Loan,10285,10/3/2023,NULL,285,InActive,12000,USD,21/11/2023
Investment,10286,5/4/2023,NULL,286,InActive,6000,USD,22/11/2023
Loan,10287,20/5/2023,NULL,287,InActive,15000,USD,23/11/2023
Investment,10288,12/6/2023,NULL,288,InActive,7000,USD,20/10/2023
Loan,10289,30/7/2023,NULL,289,InActive,30000,USD,21/10/2023
Investment,10290,17/8/2023,NULL,290,InActive,18000,USD,22/10/2023
Loan,10291,4/9/2023,NULL,291,InActive,8000,USD,23/10/2023
Investment,10292,9/10/2023,NULL,292,InActive,35000,USD,24/10/2023
Loan,10293,22/11/2023,NULL,293,InActive,21000,USD,25/10/2023
Investment,10294,3/12/2023,NULL,294,InActive,10000,USD,26/10/2023
Loan,10295,14/1/2024,NULL,295,InActive,40000,USD,27/10/2023
Investment,10296,25/2/2024,NULL,296,InActive,24000,USD,28/10/2023
Loan,10297,18/3/2024,NULL,297,InActive,12000,USD,29/10/2023
Investment,10298,29/4/2024,NULL,298,InActive,5000,USD,30/10/2023
Loan,10299,15/1/2023,NULL,299,InActive,7999,USD,31/10/2023