Employee_ID,First_Name,Last_Name,Role,Salary,Branch_ID
1,Emily,Smith,Branch Manager,"$45,000 ",1
2,Michael,Johnson,Branch Manager,"$51,200 ",2
3,Jessica,Williams,Branch Manager,"$38,750 ",3
4,Christopher,Jones,Branch Manager,"$62,400 ",4
5,Ashley,Brown,Branch Manager,"$55,800 ",5
6,Matthew,Davis,Branch Manager,"$48,900 ",6
7,Amanda,Miller,Branch Manager,"$42,300 ",7
8,Joshua,Wilson,Branch Manager,"$50,600 ",8
9,Sarah,Moore,Branch Manager,"$46,500 ",9
10,Daniel,Taylor,Branch Manager,"$57,200 ",10
11,Jennifer,Anderson,Branch Manager,"$40,800 ",11
12,David,Thomas,Branch Manager,"$49,700 ",12
13,Elizabeth,Jackson,Branch Manager,"$53,600 ",13
14,James,White,Branch Manager,"$44,900 ",14
15,Samantha,Harris,Branch Manager,"$60,000 ",15
16,Joseph,Martin,Branch Manager,"$47,300 ",16
17,Lauren,Thompson,Branch Manager,"$56,400 ",17
18,Ryan,Garcia,Branch Manager,"$52,100 ",18
19,Megan,Martinez,Branch Manager,"$43,700 ",19
20,John,Robinson,Loan Processor,"$58,900 ",15
21,Brittany,Clark,Loan Processor,"$46,200 ",4
22,Nicholas,Rodriguez,Treasury Analyst,"$50,400 ",8
23,Emily,Lewis,Operations Specialist,"$54,300 ",11
24,Tyler,Lee,Portfolio Manager,"$41,600 ",3
25,Kayla,Walker,Underwriter,"$59,500 ",20
26,Brandon,Hall,Collections Specialist,"$48,100 ",5
27,Stephanie,Allen,Financial Planner,"$45,800 ",6
28,Andrew,Young,Business Development Officer,"$51,900 ",14
29,Hannah,Hernandez,Credit Manager,"$39,200 ",1
30,Justin,King,Asset Manager,"$55,100 ",18
31,Rachel,Wright,Human Resources Specialist,"$47,600 ",2
32,Jacob,Lopez,Data Analyst,"$42,900 ",9
33,Taylor,Hill,Auditor,"$50,200 ",10
34,Jordan,Scott,Branch Coordinator,"$38,500 ",16
35,Melissa,Green,Investment Banker,"$58,200 ",7
36,Zachary,Adams,Marketing Specialist,"$46,700 ",12
37,Amber,Baker,Loan Servicer,"$44,400 ",15
38,Cody,Gonzalez,Trust Officer,"$52,500 ",17
39,Alyssa,Nelson,Budget Analyst,"$40,100 ",19
40,Kyle,Carter,Senior Loan Officer,"$56,000 ",13
41,Nicole,Mitchell,Cash Management Specialist,"$43,500 ",14
42,Kevin,Perez,Corporate Banker,"$49,600 ",5
43,Chelsea,Roberts,Loan Administrator,"$37,800 ",8
44,Eric,Turner,Payroll Specialist,"$53,700 ",20
45,Alexandra,Phillips,Commercial Lender,"$45,400 ",6
46,Steven,Campbell,Securities Trader,"$41,900 ",3
47,Amber,Parker,Investment Analyst,"$48,200 ",9
48,Benjamin,Evans,Tax Specialist,"$36,300 ",11
49,Danielle,Edwards,Retirement Specialist,"$54,800 ",1
50,Samuel,Collins,Billing Specialist,"$46,000 ",18
51,Victoria,Stewart,Compliance Analyst,"$42,700 ",14
52,Nathan,Sanchez,Financial Reporting Analyst,"$50,800 ",6
53,Courtney,Morris,Derivatives Trader,"$38,100 ",2
54,Adam,Rogers,Operations Analyst,"$57,000 ",17
55,Erica,Reed,Appraiser,"$48,300 ",9
56,Jeffrey,Cook,Benefits Administrator,"$44,600 ",5
57,Kelsey,Morgan,Business Relationship Manager,"$52,700 ",13
58,Austin,Bell,Commercial Credit Analyst,"$39,900 ",20
59,Michelle,Murphy,Estate Planner,"$55,800 ",8
60,Alexander,Bailey,Loan Coordinator,"$47,100 ",12
61,Jasmine,Rivera,Product Manager,"$43,400 ",3
62,Brian,Cooper,Risk Analyst,"$51,500 ",16
63,Brianna,Richardson,Systems Analyst,"$37,700 ",4
64,Jonathan,Cox,Trust Administrator,"$53,600 ",7
65,Christina,Howard,Credit Counselor,"$45,900 ",11
66,Cody,Ward,Loan Collector,"$42,200 ",19
67,Maria,Torres,Insurance Agent,"$50,300 ",1
68,Timothy,Peterson,Mortgage Processor,"$38,600 ",18
69,Laura,Gray,Trade Finance Specialist,"$56,500 ",10
70,Nicholas,Ramirez,Commercial Underwriter,"$47,800 ",15
71,Kimberly,James,Customer Support Specialist,"$44,100 ",4
72,James,Watson,Financial Aid Officer,"$52,200 ",8
73,Rebecca,Brooks,Financial Controller,"$40,500 ",11
74,Christian,Kelly,Loan Officer Assistant,"$57,400 ",3
75,Mary,Sanders,Securities Analyst,"$48,700 ",20
76,Benjamin,Price,Credit Risk Analyst,"$46,400 ",5
77,Lindsey,Bennett,Investment Specialist,"$54,500 ",6
78,Richard,Wood,Operations Supervisor,"$39,800 ",14
79,Allison,Barnes,Real Estate Appraiser,"$55,700 ",1
80,Patrick,Ross,Relationship Banker,"$46,100 ",18
81,Cassandra,Henderson,Wealth Advisor,"$42,400 ",2
82,Jordan,Coleman,Financial Services Representative,"$50,500 ",9
83,Sara,Jenkins,Lending Officer,"$38,800 ",10
84,Aaron,Perry,Mortgage Originator,"$56,700 ",16
85,Whitney,Powell,Portfolio Analyst,"$48,000 ",7
86,Charles,Long,Credit Union Manager,"$45,700 ",12
87,Jamie,Patterson,Risk Management Specialist,"$53,800 ",15
88,Zachary,Hughes,Securities Broker,"$40,300 ",17
89,Lindsey,Flores,Senior Financial Analyst,"$57,200 ",19
90,Jason,Washington,Trust Relationship Manager,"$47,500 ",13
91,Natalie,Butler,Bank Examiner,"$43,800 ",14
92,Sean,Simmons,Branch Administrator,"$51,900 ",5
93,Paige,Foster,Collections Manager,"$39,400 ",8
94,Cameron,Gonzales,Commercial Loan Officer,"$55,300 ",20
95,Shannon,Bryant,Finance Manager,"$46,600 ",6
96,Dylan,Alexander,Investment Coordinator,"$42,900 ",3
97,Alicia,Russell,Operations Coordinator,"$51,000 ",9
98,Taylor,Griffin,Regulatory Compliance Officer,"$38,300 ",11
99,Tara,Diaz,Senior Credit Analyst,"$56,200 ",1
100,Cody,Hayes,Treasury Manager,"$47,900 ",18
101,Katherine,Myers,Assistant Manager,"$44,200 ",14
102,Jesse,Ford,Financial Investigator,"$52,300 ",6
103,Casey,Hamilton,Fraud Analyst,"$40,700 ",2
104,Corey,Graham,Loan Review Officer,"$58,600 ",17
105,Anna,Sullivan,Marketing Manager,"$49,100 ",9
106,Kenneth,Wallace,Risk Assessment Analyst,"$58,900 ",5
107,Tiffany,Woods,Senior Financial Consultant,"$46,200 ",13
108,Antonio,Cole,Business Banker,"$50,400 ",20
109,Amber,West,Credit Investigator,"$54,300 ",8
110,Gregory,Jordan,Financial Services Manager,"$41,600 ",12
111,Vanessa,Owens,Investment Consultant,"$59,500 ",3
112,Alex,Reynolds,Operations Assistant,"$48,100 ",16
113,Shannon,Fisher,Retail Banking Manager,"$45,800 ",4
114,Bryan,Ellis,Senior Auditor,"$51,900 ",7
115,Brittany,Harrison,Trust Services Advisor,"$39,200 ",11
116,Juan,Gibson,Accounts Receivable Specialist,"$55,100 ",19
117,Monica,Mcdonald,Asset Management Analyst,"$47,600 ",1
118,Devin,Cruz,Commercial Credit Manager,"$42,900 ",18
119,Patricia,Marshall,Credit Analyst Assistant,"$50,200 ",10
120,Eric,Ortiz,Financial Advisor Assistant,"$38,500 ",15
121,Megan,Gomez,Insurance Underwriter,"$58,200 ",4
122,Brandon,Murray,Loan Adjuster,"$46,700 ",8
123,Jacqueline,Freeman,Mortgage Specialist,"$44,400 ",11
124,Adam,Wells,Payment Processing Specialist,"$52,500 ",3
125,Natasha,Webb,Securities Compliance Analyst,"$40,100 ",20
126,Ronald,Simpson,Wealth Management Advisor,"$56,000 ",5
127,Caitlin,Stevens,Bank Operations Officer,"$43,500 ",6
128,Edward,Tucker,Branch Operations Manager,"$49,600 ",14
129,Carly,Porter,Commercial Lending Manager,"$37,800 ",1
130,Phillip,Hunter,Finance Director,"$53,700 ",18
131,Tara,Hicks,Investment Operations Analyst,"$45,400 ",2
132,Jesus,Crawford,Personal Financial Planner,"$41,900 ",9
133,Veronica,Henry,Relationship Banking Manager,"$48,200 ",10
134,Travis,Boyd,Trust Services Officer,"$36,300 ",16
135,Katherine,Mason,Bankruptcy Specialist,"$54,800 ",7
136,Donald,Morales,Collateral Analyst,"$46,000 ",12
137,Molly,Kennedy,Financial Analyst Assistant,"$42,700 ",15
138,George,Warren,Fraud Prevention Specialist,"$50,800 ",17
139,Heather,Dixon,Loan Administrator Assistant,"$38,100 ",19
140,Bruce,Ramos,Operations Administrator,"$57,000 ",13
141,Kathryn,Reyes,Risk Control Analyst,"$48,300 ",14
142,Russell,Burns,Senior Relationship Manager,"$44,600 ",5
143,April,Gordon,Trade Support Analyst,"$52,700 ",8
144,Raymond,Shaw,Cash Management Analyst,"$39,900 ",20
145,Christine,Holmes,Collections Analyst,"$55,800 ",6
146,Brett,Rice,Financial Advisor Trainee,"$47,100 ",3
147,Emily,Robertson,Information Security Analyst,"$43,400 ",9
148,Martin,Hunt,Loan Servicing Specialist,"$51,500 ",11
149,Angelica,Black,Portfolio Administrator,"$37,700 ",1
150,Henry,Daniels,Securities Trader Assistant,"$53,600 ",18