Customer_ID,Customer_Type,First_Name,Last_Name,Address,Phone,Email,Date_of_Birth
1,Regular,Emily,Smith,123 Main St,555-123-4567,example1000@example.com,1/1/1990
2,Regular,Michael,Johnson,456 Elm St,555-234-5678,example2000@example.com,15/3/1985
3,Regular,Emma,Williams,123 Main St,555-123-4567,example1@example.com,1/1/1990
4,Premium,Daniel,Brown,456 Elm St,555-234-5678,example2@example.com,15/3/1985
5,Regular,Olivia,Jones,789 Oak St,555-345-6789,example3@example.com,20/7/1992
6,VIP,Ethan,Miller,321 Pine St,555-456-7890,example4@example.com,10/9/1988
7,Regular,Isabella,Davis,654 Maple St,555-567-8901,example5@example.com,25/12/1995
8,Corporate,Alexander,Garcia,987 Birch St,555-678-9012,example6@example.com,30/4/1983
9,Regular,Sophia,Rodriguez,135 Cedar St,555-789-0123,example7@example.com,5/6/1998
10,Regular,Matthew,Martinez,246 Walnut St,555-890-1234,example8@example.com,12/11/1980
11,Regular,Amelia,Hernandez,579 Cherry St,555-901-2345,example9@example.com,28/2/1993
12,New,Benjamin,Lopez,468 Spruce St,555-012-3456,example10@example.com,17/8/1987
13,Regular,Ava,Gonzalez,753 Pine St,555-123-4567,example11@example.com,22/10/1994
14,Regular,William,Wilson,864 Elm St,555-234-5678,example12@example.com,3/5/1989
15,Regular,Mia,Anderson,159 Oak St,555-345-6789,example13@example.com,15/7/1996
16,VIP,James,Thomas,246 Birch St,555-456-7890,example14@example.com,28/9/1984
17,Regular,Charlotte,Taylor,357 Cedar St,555-567-8901,example15@example.com,10/12/1991
18,Regular,Oliver,Moore,468 Walnut St,555-678-9012,example16@example.com,25/3/1981
19,Regular,Evelyn,Jackson,579 Cherry St,555-789-0123,example17@example.com,30/5/1997
20,Regular,Elijah,White,864 Pine St,555-890-1234,example18@example.com,14/1/1986
21,Regular,Harper,Harris,753 Elm St,555-901-2345,example19@example.com,18/4/1999
22,Regular,Lucas,Martin,642 Oak St,555-012-3456,example20@example.com,2/11/1982
23,Regular,Amelia,Thompson,147 Birch St,555-123-4567,example21@example.com,7/9/1995
24,Regular,Mia,Gomez,258 Cedar St,555-234-5678,example22@example.com,21/4/1988
25,Regular,Noah,Anderson,369 Walnut St,555-345-6789,example23@example.com,14/6/1993
26,Regular,Emma,Lewis,471 Cherry St,555-456-7890,example24@example.com,28/10/1980
27,Regular,Ethan,Clark,582 Spruce St,555-567-8901,example25@example.com,12/12/1997
28,Regular,Abigail,Lee,693 Pine St,555-678-9012,example26@example.com,25/2/1985
29,Regular,Alexander,Walker,714 Elm St,555-789-0123,example27@example.com,10/8/1990
30,Regular,Ava,Perez,825 Oak St,555-890-1234,example28@example.com,3/1/1982
31,Regular,William,Hall,936 Birch St,555-901-2345,example29@example.com,18/3/1996
32,Regular,Sophia,Young,147 Cedar St,555-012-3456,example30@example.com,22/7/1989
33,Regular,Michael,Hernandez,258 Walnut St,555-123-4567,example31@example.com,5/11/1994
34,Regular,Charlotte,Allen,369 Cherry St,555-234-5678,example32@example.com,20/5/1981
35,Premium,Daniel,Sanchez,471 Spruce St,555-345-6789,example33@example.com,3/7/1998
36,Premium,Emily,Wright,582 Pine St,555-456-7890,example34@example.com,16/9/1984
37,Premium,Isabella,King,693 Elm St,555-567-8901,example35@example.com,30/1/1991
38,Premium,Oliver,Scott,714 Oak St,555-678-9012,example36@example.com,14/4/1986
39,Premium,Harper,Green,825 Birch St,555-789-0123,example37@example.com,28/6/1999
40,Premium,Lucas,Baker,936 Cedar St,555-890-1234,example38@example.com,12/10/1983
41,Premium,Mia,Adams,147 Walnut St,555-901-2345,example39@example.com,26/12/1990
42,Premium,James,Nelson,258 Cherry St,555-012-3456,example40@example.com,10/3/1987
43,Premium,Evelyn,Hill,369 Spruce St,555-123-4567,example41@example.com,3/5/1992
44,Premium,Elijah,Ramirez,471 Pine St,555-234-5678,example42@example.com,17/9/1980
45,Premium,Amelia,Campbell,582 Elm St,555-345-6789,example43@example.com,1/11/1997
46,Regular,Benjamin,Mitchell,693 Oak St,555-456-7890,example44@example.com,15/1/1985
47,Regular,Ava,Roberts,714 Birch St,555-567-8901,example45@example.com,30/3/1994
48,Regular,William,Carter,825 Cedar St,555-678-9012,example46@example.com,13/6/1989
49,Regular,Sophia,Phillips,936 Walnut St,555-789-0123,example47@example.com,28/8/1982
50,Regular,Matthew,Evans,147 Cherry St,555-890-1234,example48@example.com,12/10/1995
51,Regular,Abigail,Collins,258 Spruce St,555-901-2345,example49@example.com,25/2/1981
52,Regular,Alexander,Stewart,369 Pine St,555-012-3456,example50@example.com,10/4/1996
53,Regular,Olivia,Morris,471 Elm St,555-123-4567,example51@example.com,25/7/1988
54,Regular,Ethan,Kelly,582 Oak St,555-234-5678,example52@example.com,8/9/1993
55,Regular,Charlotte,Price,693 Birch St,555-345-6789,example53@example.com,22/12/1980
56,Regular,Mia,Bennett,714 Cedar St,555-456-7890,example54@example.com,5/2/1997
57,Regular,Noah,Wood,825 Walnut St,555-567-8901,example55@example.com,20/4/1985
58,Regular,Emily,Ross,936 Cherry St,555-678-9012,example56@example.com,3/6/1990
59,Regular,Isabella,Richardson,147 Spruce St,555-789-0123,example57@example.com,18/8/1983
60,Regular,Harper,Watson,258 Pine St,555-890-1234,example58@example.com,1/10/1998
61,Regular,Lucas,Sanders,369 Elm St,555-901-2345,example59@example.com,15/12/1982
62,Regular,Amelia,Long,471 Oak St,555-012-3456,example60@example.com,28/2/1995
63,Regular,Oliver,Patterson,582 Birch St,555-123-4567,example61@example.com,13/5/1989
64,Regular,Ava,Hughes,693 Cedar St,555-234-5678,example62@example.com,28/7/1994
65,Regular,James,Flores,714 Walnut St,555-345-6789,example63@example.com,10/9/1981
66,Regular,Evelyn,Washington,825 Cherry St,555-456-7890,example64@example.com,23/11/1996
67,Regular,William,Butler,936 Spruce St,555-567-8901,example65@example.com,8/3/1984
68,Regular,Sophia,Simmons,147 Elm St,555-678-9012,example66@example.com,22/5/1987
69,Regular,Michael,Foster,258 Oak St,555-789-0123,example67@example.com,5/7/1992
70,Regular,Daniel,Gonzales,369 Birch St,555-890-1234,example68@example.com,19/9/1980
71,Regular,Mia,Bryant,471 Cedar St,555-901-2345,example69@example.com,2/11/1997
72,Regular,Emma,Alexander,582 Walnut St,555-012-3456,example70@example.com,17/1/1983
73,Regular,Ethan,Russell,693 Cherry St,555-123-4567,example71@example.com,2/3/1990
74,Regular,Alexander,Griffin,714 Spruce St,555-234-5678,example72@example.com,17/4/1985
75,Regular,Olivia,Diaz,825 Elm St,555-345-6789,example73@example.com,30/6/1992
76,Regular,Elijah,Hayes,936 Oak St,555-456-7890,example74@example.com,14/8/1980
77,Regular,Isabella,Myers,147 Birch St,555-567-8901,example75@example.com,27/10/1995
78,Regular,Emily,Ford,258 Cedar St,555-678-9012,example76@example.com,11/12/1989
79,Regular,Benjamin,Hamilton,369 Walnut St,555-789-0123,example77@example.com,24/1/1994
80,Regular,Ava,Graham,471 Cherry St,555-890-1234,example78@example.com,7/4/1981
81,Regular,Charlotte,Sullivan,582 Spruce St,555-901-2345,example79@example.com,20/6/1996
82,Regular,Lucas,Wallace,693 Pine St,555-012-3456,example80@example.com,3/8/1984
83,Regular,Amelia,Woods,714 Elm St,555-123-4567,example81@example.com,16/9/1989
84,Regular,Oliver,Cole,825 Oak St,555-234-5678,example82@example.com,29/11/1997
85,Regular,Harper,West,936 Birch St,555-345-6789,example83@example.com,12/1/1983
86,Premium,William,Jordan,147 Cedar St,555-456-7890,example84@example.com,27/3/1990
87,Premium,Sophia,Owens,258 Walnut St,555-567-8901,example85@example.com,9/6/1985
88,Premium,Matthew,Reynolds,369 Cherry St,555-678-9012,example86@example.com,22/8/1992
89,Premium,Abigail,Fisher,471 Spruce St,555-789-0123,example87@example.com,6/10/1980
90,Premium,Alexander,Ellis,582 Pine St,555-890-1234,example88@example.com,19/12/1995
91,Premium,Mia,Harrison,693 Elm St,555-901-2345,example89@example.com,1/2/1988
92,Premium,Ethan,Gibson,714 Oak St,555-012-3456,example90@example.com,16/3/1993
93,Regular,Charlotte,Mcdonald,825 Birch St,555-123-4567,example91@example.com,29/5/1981
94,Regular,Olivia,Cruz,936 Cedar St,555-234-5678,example92@example.com,11/8/1996
95,Regular,Noah,Marshall,147 Walnut St,555-345-6789,example93@example.com,24/10/1983
96,Regular,Emily,Ortiz,258 Cherry St,555-456-7890,example94@example.com,7/12/1998
97,Regular,Isabella,Gomez,369 Spruce St,555-567-8901,example95@example.com,18/2/1985
98,Regular,Harper,Murray,471 Pine St,555-678-9012,example96@example.com,3/4/1990
99,Regular,Lucas,Freeman,582 Elm St,555-789-0123,example97@example.com,16/6/1987
100,Regular,Amelia,Wells,693 Oak St,555-890-1234,example98@example.com,29/8/1992
101,Regular,Oliver,Webb,714 Birch St,555-901-2345,example99@example.com,12/11/1980
102,Regular,Ava,Simpson,825 Cedar St,555-012-3456,example100@example.com,25/1/1995
103,Regular,James,Bradley,936 Walnut St,555-123-4567,example101@example.com,10/3/1989
104,Regular,Evelyn,Fields,147 Cherry St,555-234-5678,example102@example.com,25/5/1994
105,Regular,William,Dixon,258 Spruce St,555-345-6789,example103@example.com,8/7/1981
106,Regular,Sophia,Wagner,369 Pine St,555-456-7890,example104@example.com,21/9/1996
107,Regular,Michael,Wheeler,471 Elm St,555-567-8901,example105@example.com,4/11/1983
108,Regular,Daniel,Warren,582 Oak St,555-678-9012,example106@example.com,18/12/1998
109,Regular,Mia,Lynch,693 Birch St,555-789-0123,example107@example.com,1/2/1985
110,Regular,Emma,Ferguson,714 Cedar St,555-890-1234,example108@example.com,16/4/1990
111,Regular,Ethan,Mason,825 Walnut St,555-901-2345,example109@example.com,30/6/1980
112,Regular,Alexander,Kennedy,936 Cherry St,555-012-3456,example110@example.com,13/8/1995
113,Regular,Olivia,Warren,147 Spruce St,555-123-4567,example111@example.com,27/9/1989
114,Regular,Elijah,Duncan,258 Pine St,555-234-5678,example112@example.com,10/11/1994
115,Regular,Isabella,Burns,369 Elm St,555-345-6789,example113@example.com,23/1/1982
116,Regular,Emily,Dean,471 Oak St,555-456-7890,example114@example.com,8/3/1997
117,Regular,Benjamin,Harvey,582 Birch St,555-567-8901,example115@example.com,21/5/1984
118,Regular,Ava,Henry,693 Cedar St,555-678-9012,example116@example.com,5/7/1989
119,Regular,Charlotte,Wells,714 Walnut St,555-789-0123,example117@example.com,18/8/1996
120,Regular,Lucas,Banks,825 Cherry St,555-890-1234,example118@example.com,2/10/1981
121,Regular,Amelia,Morrison,936 Spruce St,555-901-2345,example119@example.com,15/11/1998
122,Regular,Oliver,Park,147 Elm St,555-012-3456,example120@example.com,29/1/1985
123,Regular,Harper,Snyder,258 Oak St,555-123-4567,example121@example.com,13/4/1990
124,Regular,William,Holmes,369 Birch St,555-234-5678,example122@example.com,26/6/1982
125,Regular,Sophia,Bishop,471 Cedar St,555-345-6789,example123@example.com,9/8/1997
126,Premium,Matthew,Knight,582 Walnut St,555-456-7890,example124@example.com,24/9/1984
127,Premium,Abigail,Rivera,693 Cherry St,555-567-8901,example125@example.com,7/11/1999
128,Premium,Alexander,Gray,714 Spruce St,555-678-9012,example126@example.com,19/2/1986
129,Premium,Mia,West,825 Pine St,555-789-0123,example127@example.com,4/4/1991
130,Premium,Ethan,Fields,936 Elm St,555-890-1234,example128@example.com,18/6/1983
131,Premium,Charlotte,Walters,147 Oak St,555-901-2345,example129@example.com,2/8/1988
132,Premium,Olivia,Mccoy,258 Birch St,555-012-3456,example130@example.com,15/9/1993
133,Regular,Noah,Howell,369 Cedar St,555-123-4567,example131@example.com,29/11/1980
134,Regular,Emily,Curtis,471 Walnut St,555-234-5678,example132@example.com,12/1/1995
135,Regular,Isabella,Gregory,582 Cherry St,555-345-6789,example133@example.com,27/3/1989
136,Regular,Harper,Pierce,693 Spruce St,555-456-7890,example134@example.com,10/5/1994
137,Regular,Lucas,Sutton,714 Pine St,555-567-8901,example135@example.com,23/6/1981
138,Regular,Amelia,Sharp,825 Elm St,555-678-9012,example136@example.com,6/8/1996
139,Regular,Oliver,Bradford,936 Oak St,555-789-0123,example137@example.com,19/10/1984
140,Regular,Ava,Tate,147 Birch St,555-890-1234,example138@example.com,1/12/1999
141,Regular,James,May,258 Cedar St,555-901-2345,example139@example.com,14/1/1986
142,Regular,Evelyn,Barrett,369 Walnut St,555-012-3456,example140@example.com,27/2/1991
143,Regular,William,Olson,471 Cherry St,555-123-4567,example141@example.com,12/4/1980
144,Regular,Sophia,Thornton,582 Spruce St,555-234-5678,example142@example.com,25/6/1995
145,Regular,Michael,Bowers,693 Pine St,555-345-6789,example143@example.com,8/9/1988
146,Regular,Daniel,Humphrey,714 Elm St,555-456-7890,example144@example.com,21/11/1993
147,Regular,Mia,Barber,825 Oak St,555-567-8901,example145@example.com,4/1/1981
148,Regular,Emma,Johnston,936 Birch St,555-678-9012,example146@example.com,19/3/1996
149,Regular,Ethan,Grimes,147 Cedar St,555-789-0123,example147@example.com,2/5/1983
150,Regular,Alexander,Savage,258 Walnut St,555-890-1234,example148@example.com,15/7/1998
151,Regular,Olivia,Hartman,369 Cherry St,555-901-2345,example149@example.com,28/9/1985
152,Regular,Elijah,Mcguire,471 Spruce St,555-012-3456,example150@example.com,11/12/1990
153,Regular,Isabella,Delgado,582 Pine St,555-123-4567,example151@example.com,24/2/1984
154,Regular,Emily,Ochoa,693 Elm St,555-234-5678,example152@example.com,9/4/1999
155,Regular,Benjamin,Alvarado,714 Oak St,555-345-6789,example153@example.com,24/6/1981
156,Regular,Ava,Hurst,825 Birch St,555-456-7890,example154@example.com,7/9/1996
157,Regular,Charlotte,Luna,936 Cedar St,555-567-8901,example155@example.com,20/11/1983
158,Regular,Lucas,Fuentes,147 Walnut St,555-678-9012,example156@example.com,3/1/1988
159,Regular,Amelia,Cisneros,258 Cherry St,555-789-0123,example157@example.com,16/3/1993
160,Regular,Oliver,Hale,369 Spruce St,555-890-1234,example158@example.com,29/5/1980
161,Regular,Harper,Daugherty,471 Pine St,555-901-2345,example159@example.com,12/7/1995
162,Regular,William,Dickerson,582 Elm St,555-012-3456,example160@example.com,25/8/1989
163,Regular,Sophia,Gentry,693 Oak St,555-123-4567,example161@example.com,8/10/1994
164,Regular,Matthew,Pineda,714 Birch St,555-234-5678,example162@example.com,21/12/1981
165,Regular,Abigail,Odom,825 Cedar St,555-345-6789,example163@example.com,3/2/1996
166,Regular,Alexander,Galindo,936 Walnut St,555-456-7890,example164@example.com,18/4/1983
167,Regular,Mia,Escobar,147 Cherry St,555-567-8901,example165@example.com,1/6/1988
168,Regular,Ethan,Burton,258 Spruce St,555-678-9012,example166@example.com,16/7/1993
169,Regular,Charlotte,Randolph,369 Pine St,555-789-0123,example167@example.com,29/9/1980
170,Premium,Olivia,Cantu,471 Elm St,555-890-1234,example168@example.com,12/11/1995
171,Premium,Noah,Fitzgerald,582 Oak St,555-901-2345,example169@example.com,25/1/1989
172,Premium,Emily,Downs,693 Birch St,555-012-3456,example170@example.com,9/4/1994
173,Premium,Isabella,Delaney,714 Cedar St,555-123-4567,example171@example.com,22/6/1981
174,Premium,Harper,Valenzuela,825 Walnut St,555-234-5678,example172@example.com,5/8/1996
175,Regular,Lucas,Short,936 Cherry St,555-345-6789,example173@example.com,18/10/1983
176,Regular,Amelia,Wiggins,147 Spruce St,555-456-7890,example174@example.com,1/12/1988
177,Regular,Oliver,Velazquez,258 Pine St,555-567-8901,example175@example.com,14/1/1993
178,Regular,Ava,Gould,369 Elm St,555-678-9012,example176@example.com,28/3/1980
179,Regular,James,Compton,471 Oak St,555-789-0123,example177@example.com,11/5/1995
180,Regular,Evelyn,Parks,582 Birch St,555-890-1234,example178@example.com,24/7/1989
181,Regular,William,Barron,693 Cedar St,555-901-2345,example179@example.com,6/9/1994
182,Regular,Sophia,Lancaster,714 Walnut St,555-012-3456,example180@example.com,19/11/1981
183,Regular,Michael,Vance,825 Cherry St,555-123-4567,example181@example.com,2/2/1996
184,Regular,Daniel,Huang,936 Spruce St,555-234-5678,example182@example.com,17/4/1983
185,Regular,Mia,Beck,147 Elm St,555-345-6789,example183@example.com,30/6/1988
186,Regular,Emma,Parrish,258 Oak St,555-456-7890,example184@example.com,13/9/1993
187,Regular,Ethan,Dominguez,369 Birch St,555-567-8901,example185@example.com,26/11/1980
188,Regular,Alexander,O'Neill,471 Cedar St,555-678-9012,example186@example.com,9/1/1995
189,Regular,Olivia,Cramer,582 Walnut St,555-789-0123,example187@example.com,22/2/1989
190,Regular,Elijah,Carey,693 Cherry St,555-890-1234,example188@example.com,7/4/1994
191,Regular,Isabella,Tapia,714 Spruce St,555-901-2345,example189@example.com,20/6/1981
192,Regular,Emily,Crane,825 Pine St,555-012-3456,example190@example.com,3/8/1996
193,Regular,Benjamin,Blackburn,936 Elm St,555-123-4567,example191@example.com,16/10/1983
194,Regular,Ava,Buck,147 Oak St,555-234-5678,example192@example.com,29/12/1988
195,Regular,Charlotte,Robles,258 Birch St,555-345-6789,example193@example.com,11/2/1993
196,Regular,Lucas,Morales,369 Cedar St,555-456-7890,example194@example.com,26/3/1980
197,Regular,Amelia,Patterson,471 Walnut St,555-567-8901,example195@example.com,9/5/1995
198,Regular,Oliver,Gallegos,582 Cherry St,555-678-9012,example196@example.com,22/7/1989
199,Regular,Harper,Moreno,693 Spruce St,555-789-0123,example197@example.com,5/9/1994
200,Regular,William,Rojas,714 Pine St,555-890-1234,example198@example.com,18/10/1981
201,Regular,Sophia,Vaughn,825 Elm St,555-901-2345,example199@example.com,1/12/1996
202,Regular,Matthew,Chang,936 Oak St,555-012-3456,example200@example.com,14/1/1984
203,Regular,Abigail,House,147 Birch St,555-123-4567,example201@example.com,29/3/1989
204,Premium,Alexander,Santiago,258 Cedar St,555-234-5678,example202@example.com,12/5/1994
205,Premium,Mia,Bender,369 Walnut St,555-345-6789,example203@example.com,25/7/1981
206,Premium,Ethan,Gillespie,471 Cherry St,555-456-7890,example204@example.com,8/9/1996
207,Premium,Charlotte,Valencia,582 Spruce St,555-567-8901,example205@example.com,21/11/1984
208,Premium,Olivia,Hess,693 Pine St,555-678-9012,example206@example.com,4/1/1999
209,Premium,Noah,Lamb,714 Elm St,555-789-0123,example207@example.com,17/2/1986
210,Premium,Emily,Preston,825 Oak St,555-890-1234,example208@example.com,1/4/1991
211,Regular,Isabella,Crawford,936 Birch St,555-901-2345,example209@example.com,15/5/1983
212,Regular,Harper,Mcpherson,147 Cedar St,555-012-3456,example210@example.com,28/6/1988
213,Regular,Lucas,Villarreal,258 Walnut St,555-123-4567,example211@example.com,11/9/1993
214,Regular,Amelia,Leblanc,369 Cherry St,555-234-5678,example212@example.com,24/11/1980
215,Regular,Oliver,Dailey,471 Spruce St,555-345-6789,example213@example.com,7/1/1995
216,Regular,James,Haas,582 Pine St,555-456-7890,example214@example.com,20/2/1989
217,Regular,Evelyn,Goldman,693 Elm St,555-567-8901,example215@example.com,5/4/1994
218,Regular,William,Herman,714 Oak St,555-678-9012,example216@example.com,18/6/1981
219,Regular,Sophia,Winters,825 Birch St,555-789-0123,example217@example.com,31/7/1996
220,Regular,Michael,Guthrie,936 Cedar St,555-890-1234,example218@example.com,14/10/1983
221,Regular,Daniel,Roy,147 Walnut St,555-901-2345,example219@example.com,27/12/1988
222,Regular,Mia,Harrell,258 Cherry St,555-012-3456,example220@example.com,10/2/1993
223,Regular,Emma,Rocha,369 Spruce St,555-123-4567,example221@example.com,24/4/1980
224,Regular,Ethan,Riggs,471 Pine St,555-234-5678,example222@example.com,7/6/1995
225,Regular,Alexander,Bustos,582 Elm St,555-345-6789,example223@example.com,20/7/1989
226,Regular,Olivia,Sloan,693 Oak St,555-456-7890,example224@example.com,3/9/1994
227,Regular,Elijah,Melton,714 Birch St,555-567-8901,example225@example.com,16/10/1981
228,Premium,Isabella,Haley,825 Cedar St,555-678-9012,example226@example.com,29/12/1996
229,Premium,Emily,Richmond,936 Walnut St,555-789-0123,example227@example.com,11/2/1984
230,Premium,Benjamin,Deleon,147 Cherry St,555-890-1234,example228@example.com,26/3/1989
231,Premium,Ava,Booth,258 Spruce St,555-901-2345,example229@example.com,9/5/1994
232,Premium,Charlotte,Kane,369 Pine St,555-012-3456,example230@example.com,22/7/1981
233,Premium,Lucas,Benton,471 Elm St,555-123-4567,example231@example.com,4/9/1996
234,Regular,Amelia,Kaiser,582 Oak St,555-234-5678,example232@example.com,18/11/1983
235,Regular,Oliver,Robinson,693 Birch St,555-345-6789,example233@example.com,31/1/1988
236,Regular,Harper,Navarro,714 Cedar St,555-456-7890,example234@example.com,14/3/1993
237,Regular,William,Stanley,825 Walnut St,555-567-8901,example235@example.com,27/5/1986
238,Regular,Sophia,Rosales,936 Cherry St,555-678-9012,example236@example.com,10/7/1991
239,Regular,Matthew,Orr,147 Spruce St,555-789-0123,example237@example.com,23/8/1984
240,Regular,Abigail,Mullen,258 Pine St,555-890-1234,example238@example.com,6/10/1999
241,Regular,Alexander,Fry,369 Elm St,555-901-2345,example239@example.com,19/12/1982
242,Regular,Mia,Rangel,471 Oak St,555-012-3456,example240@example.com,2/2/1997
243,Regular,Ethan,Stout,582 Birch St,555-123-4567,example241@example.com,16/4/1981
244,Regular,Charlotte,Hays,582 Birch St,555-123-4567,example241@example.com,21/5/1989
245,Regular,Olivia,Rush,693 Cedar St,555-234-5678,example242@example.com,6/7/1994
246,Regular,Noah,Haley,714 Walnut St,555-345-6789,example243@example.com,19/8/1981
247,Regular,Emily,Calhoun,825 Cherry St,555-456-7890,example244@example.com,2/10/1996
248,Regular,Isabella,Serrano,936 Spruce St,555-567-8901,example245@example.com,15/11/1983
249,Regular,Harper,Sexton,147 Elm St,555-678-9012,example246@example.com,30/1/1988
250,Regular,Lucas,Giles,258 Oak St,555-789-0123,example247@example.com,13/3/1993
251,Regular,Amelia,Langley,369 Birch St,555-890-1234,example248@example.com,26/5/1980
252,Regular,Oliver,Monroe,471 Cedar St,555-901-2345,example249@example.com,9/7/1995
253,Regular,Ava,Hubbard,582 Walnut St,555-012-3456,example250@example.com,22/8/1989
254,Regular,James,Crabtree,693 Cherry St,555-123-4567,example251@example.com,7/10/1994
255,Regular,Evelyn,Vo,714 Spruce St,555-234-5678,example252@example.com,20/11/1981
256,Regular,William,Ponce,825 Elm St,555-345-6789,example253@example.com,3/1/1996
257,Regular,Sophia,Cleveland,936 Oak St,555-456-7890,example254@example.com,18/2/1983
258,Regular,Michael,Cervantes,147 Birch St,555-567-8901,example255@example.com,3/4/1988
259,Regular,Daniel,Lozano,258 Cedar St,555-678-9012,example256@example.com,16/5/1993
260,Regular,Mia,Potts,369 Walnut St,555-789-0123,example257@example.com,29/6/1980
261,Regular,Emma,Trujillo,471 Cherry St,555-890-1234,example258@example.com,12/8/1995
262,Regular,Ethan,Cotton,582 Spruce St,555-901-2345,example259@example.com,25/9/1989
263,Regular,Alexander,Gallagher,693 Pine St,555-012-3456,example260@example.com,8/11/1994
264,Regular,Olivia,Solomon,714 Elm St,555-123-4567,example261@example.com,21/12/1981
265,Regular,Elijah,Barajas,825 Oak St,555-234-5678,example262@example.com,4/2/1996
266,Premium,Isabella,Nolan,936 Birch St,555-345-6789,example263@example.com,19/4/1983
267,Premium,Emily,Buchanan,147 Cedar St,555-456-7890,example264@example.com,2/6/1988
268,Premium,Benjamin,Caballero,258 Walnut St,555-567-8901,example265@example.com,17/7/1993
269,Premium,Ava,Garner,369 Cherry St,555-678-9012,example266@example.com,30/9/1980
270,Premium,Charlotte,Horn,471 Spruce St,555-789-0123,example267@example.com,13/11/1995
271,Regular,Lucas,Bledsoe,582 Pine St,555-890-1234,example268@example.com,26/1/1989
272,Regular,Amelia,Gaines,693 Elm St,555-901-2345,example269@example.com,11/3/1994
273,Regular,Oliver,Crump,714 Oak St,555-012-3456,example270@example.com,24/5/1981
274,Regular,Harper,Wilkerson,825 Birch St,555-123-4567,example271@example.com,7/7/1996
275,Regular,William,Whitaker,936 Cedar St,555-234-5678,example272@example.com,20/9/1983
276,Regular,Sophia,Hess,147 Walnut St,555-345-6789,example273@example.com,3/11/1988
277,Regular,Matthew,Bivins,258 Cherry St,555-456-7890,example274@example.com,16/12/1993
278,Regular,Abigail,Smith,369 Spruce St,555-567-8901,example275@example.com,29/2/1980
279,Regular,Alexander,Daigle,471 Pine St,555-678-9012,example276@example.com,14/4/1995
280,Regular,Mia,Dudley,582 Elm St,555-789-0123,example277@example.com,27/6/1989
281,Regular,Ethan,Floyd,693 Oak St,555-890-1234,example278@example.com,10/8/1994
282,Regular,Charlotte,Frye,714 Birch St,555-901-2345,example279@example.com,23/10/1981
283,Regular,Olivia,Calderon,825 Cedar St,555-012-3456,example280@example.com,6/12/1996
284,Regular,Noah,Garza,936 Walnut St,555-123-4567,example281@example.com,19/1/1983
285,Regular,Emily,Lemon,147 Cherry St,555-234-5678,example282@example.com,4/3/1988
286,Regular,Isabella,Mcgowan,258 Spruce St,555-345-6789,example283@example.com,17/4/1993
287,Regular,Harper,Mckinney,369 Pine St,555-456-7890,example284@example.com,31/7/1980
288,Regular,Lucas,Sampson,471 Elm St,555-567-8901,example285@example.com,13/9/1995
289,Regular,Amelia,Sanford,582 Oak St,555-678-9012,example286@example.com,26/11/1989
290,Regular,Oliver,Sheppard,693 Birch St,555-789-0123,example287@example.com,9/1/1994
291,Regular,Ava,Wall,714 Cedar St,555-890-1234,example288@example.com,22/2/1981
292,Regular,James,Black,825 Walnut St,555-901-2345,example289@example.com,6/4/1996
293,Regular,Evelyn,Chen,936 Cherry St,555-012-3456,example290@example.com,20/5/1983
294,Regular,William,Orr,147 Spruce St,555-123-4567,example291@example.com,4/7/1988
295,Premium,Sophia,Levine,258 Pine St,555-234-5678,example292@example.com,17/8/1993
296,Premium,Michael,Mayer,369 Elm St,555-345-6789,example293@example.com,30/10/1980
297,Premium,Daniel,Parkinson,471 Oak St,555-456-7890,example294@example.com,13/12/1995
298,Premium,Mia,Paul,582 Birch St,555-567-8901,example295@example.com,26/1/1989
299,Premium,Emma,Beasley,693 Cedar St,555-678-9012,example296@example.com,11/3/1994
300,Premium,Ethan,Bonilla,714 Walnut St,555-789-0123,example297@example.com,24/5/1981
301,Premium,Alexander,Hodge,825 Cherry St,555-890-1234,example298@example.com,7/7/1996
302,Regular,Olivia,Jaramillo,936 Spruce St,555-901-2345,example299@example.com,20/8/1983
303,Regular,Elijah,Mccarthy,147 Elm St,555-012-3456,example300@example.com,3/10/1988
304,Regular,Isabella,Mooney,258 Oak St,555-123-4567,example301@example.com,16/11/1993
305,Regular,Emily,Schaefer,369 Birch St,555-234-5678,example302@example.com,29/1/1980
306,Regular,Benjamin,Soto,471 Cedar St,555-345-6789,example303@example.com,14/3/1995
307,Regular,Ava,Wyatt,582 Walnut St,555-456-7890,example304@example.com,27/5/1989
308,Regular,Charlotte,Boyer,693 Cherry St,555-567-8901,example305@example.com,10/7/1994
309,Regular,Lucas,Hensley,714 Spruce St,555-678-9012,example306@example.com,23/8/1981
310,Regular,Amelia,Ibarra,825 Pine St,555-789-0123,example307@example.com,6/10/1996
311,Regular,Oliver,Kirk,936 Elm St,555-890-1234,example308@example.com,19/11/1983
312,Regular,Harper,Nixon,147 Oak St,555-901-2345,example309@example.com,2/1/1988
313,Regular,William,Shaffer,258 Birch St,555-012-3456,example310@example.com,15/2/1993
314,Regular,Sophia,Spence,369 Cedar St,555-123-4567,example311@example.com,29/4/1980
315,Regular,Matthew,Womack,471 Walnut St,555-234-5678,example312@example.com,12/6/1995
316,Regular,Abigail,Lutz,582 Cherry St,555-345-6789,example313@example.com,25/8/1989
317,Regular,Alexander,Mccann,693 Spruce St,555-456-7890,example314@example.com,8/10/1994
318,Regular,Mia,Mckay,714 Pine St,555-567-8901,example315@example.com,21/11/1981
319,Regular,Ethan,Riddle,825 Elm St,555-678-9012,example316@example.com,4/1/1996
320,Regular,Charlotte,Vang,936 Oak St,555-789-0123,example317@example.com,18/2/1983
321,Regular,Olivia,Estes,147 Birch St,555-890-1234,example318@example.com,3/4/1988
322,Regular,Noah,Frost,258 Cedar St,555-901-2345,example319@example.com,16/5/1993
323,Regular,Emily,Glass,369 Walnut St,555-012-3456,example320@example.com,29/6/1980
324,Regular,Isabella,Herman,471 Cherry St,555-123-4567,example321@example.com,12/8/1995
325,VIP,Harper,Chung,582 Spruce St,555-234-5678,example322@example.com,25/9/1989
326,VIP,Lucas,Cantu,693 Pine St,555-345-6789,example323@example.com,8/11/1994
327,VIP,Amelia,Horn,714 Elm St,555-456-7890,example324@example.com,21/12/1981
328,VIP,Oliver,Kaufman,825 Oak St,555-567-8901,example325@example.com,4/2/1996
329,VIP,Ava,Rosenthal,936 Birch St,555-678-9012,example326@example.com,19/4/1983
330,VIP,James,Schmidt,147 Cedar St,555-789-0123,example327@example.com,2/6/1988
331,VIP,Evelyn,Vincent,258 Walnut St,555-890-1234,example328@example.com,17/7/1993
332,VIP,William,Barlow,369 Cherry St,555-901-2345,example329@example.com,30/9/1980
333,VIP,Sophia,Crane,471 Spruce St,555-012-3456,example330@example.com,13/11/1995
334,VIP,Michael,Fritz,582 Pine St,555-123-4567,example331@example.com,26/1/1989
335,VIP,Daniel,Huerta,693 Elm St,555-234-5678,example332@example.com,11/3/1994
336,VIP,Mia,Nash,714 Oak St,555-345-6789,example333@example.com,24/5/1981
337,VIP,Emma,Plummer,825 Birch St,555-456-7890,example334@example.com,7/7/1996
338,VIP,Ethan,Riggs,936 Cedar St,555-567-8901,example335@example.com,20/8/1983
339,VIP,Alexander,Burks,147 Walnut St,555-678-9012,example336@example.com,3/10/1988
340,VIP,Olivia,Schwartz,258 Cherry St,555-789-0123,example337@example.com,16/11/1993
341,VIP,Elijah,Sellers,369 Spruce St,555-890-1234,example338@example.com,29/1/1980
342,VIP,Isabella,Yates,471 Pine St,555-901-2345,example339@example.com,14/3/1995
343,VIP,Emily,Christensen,582 Elm St,555-012-3456,example340@example.com,27/5/1989
344,VIP,Benjamin,Conley,693 Oak St,555-123-4567,example341@example.com,10/7/1994
345,VIP,Ava,English,714 Birch St,555-234-5678,example342@example.com,23/8/1981
346,VIP,Charlotte,Gonzales,825 Cedar St,555-345-6789,example343@example.com,6/10/1996
347,VIP,Lucas,Hood,936 Walnut St,555-456-7890,example344@example.com,19/11/1983
348,VIP,Amelia,Langston,147 Cherry St,555-567-8901,example345@example.com,2/1/1988
349,VIP,Oliver,Mccullough,258 Spruce St,555-678-9012,example346@example.com,15/2/1993
350,VIP,Harper,Serrano,369 Pine St,555-789-0123,example347@example.com,29/4/1980
351,VIP,William,Bowen,471 Elm St,555-890-1234,example348@example.com,12/6/1995
352,VIP,Sophia,Dale,582 Oak St,555-901-2345,example349@example.com,25/8/1989
353,VIP,Matthew,Franco,693 Birch St,555-012-3456,example350@example.com,8/10/1994
354,VIP,Abigail,Ingram,714 Cedar St,555-123-4567,example351@example.com,21/11/1981
355,VIP,Alexander,Luna,825 Walnut St,555-234-5678,example352@example.com,4/1/1996
356,VIP,Mia,Maynard,936 Cherry St,555-345-6789,example353@example.com,18/2/1983
357,VIP,Ethan,Schroeder,147 Spruce St,555-456-7890,example354@example.com,3/4/1988
358,VIP,Charlotte,Velez,258 Pine St,555-567-8901,example355@example.com,16/5/1993
359,VIP,Olivia,Wiggins,369 Elm St,555-678-9012,example356@example.com,29/6/1980
360,VIP,Noah,Alston,471 Oak St,555-789-0123,example357@example.com,12/8/1995
361,VIP,Emily,Caldwell,582 Birch St,555-890-1234,example358@example.com,25/9/1989
362,VIP,Isabella,Espinoza,693 Cedar St,555-901-2345,example359@example.com,8/11/1994
363,VIP,Harper,Haney,714 Walnut St,555-012-3456,example360@example.com,21/12/1981
364,VIP,Lucas,Hendricks,825 Cherry St,555-123-4567,example361@example.com,4/2/1996
365,VIP,Amelia,Mccarty,936 Spruce St,555-234-5678,example362@example.com,19/3/1983
366,VIP,Oliver,Riggs,147 Elm St,555-345-6789,example363@example.com,2/5/1988
367,VIP,Ava,Werner,258 Oak St,555-456-7890,example364@example.com,17/6/1993
368,VIP,James,Allison,369 Birch St,555-567-8901,example365@example.com,30/8/1980
369,VIP,Evelyn,Barrera,471 Cedar St,555-678-9012,example366@example.com,13/10/1995
370,VIP,William,Browning,582 Walnut St,555-789-0123,example367@example.com,26/12/1989
371,VIP,Sophia,Carson,693 Cherry St,555-890-1234,example368@example.com,8/2/1994
372,VIP,Michael,Duke,714 Spruce St,555-901-2345,example369@example.com,23/3/1981
373,VIP,Daniel,Hickman,825 Pine St,555-012-3456,example370@example.com,6/5/1996
374,VIP,Mia,Barr,936 Elm St,555-123-4567,example371@example.com,19/6/1983
375,VIP,Emma,Dickson,147 Oak St,555-234-5678,example372@example.com,2/8/1988
376,VIP,Ethan,Gilliam,258 Birch St,555-345-6789,example373@example.com,15/9/1993
377,VIP,Alexander,Hobbs,369 Cedar St,555-456-7890,example374@example.com,28/11/1980
378,VIP,Olivia,Jacobson,471 Walnut St,555-567-8901,example375@example.com,11/1/1996
379,VIP,Elijah,Lutz,582 Cherry St,555-678-9012,example376@example.com,24/3/1989
380,VIP,Isabella,Mccall,693 Spruce St,555-789-0123,example377@example.com,7/5/1994
381,VIP,Emily,Ponce,714 Pine St,555-890-1234,example378@example.com,20/6/1981
382,VIP,Benjamin,Shepherd,825 Elm St,555-901-2345,example379@example.com,3/8/1996
383,VIP,Ava,Whitley,936 Oak St,555-012-3456,example380@example.com,18/9/1983
384,VIP,Charlotte,Bullock,147 Birch St,555-123-4567,example381@example.com,1/11/1988
385,VIP,Lucas,Delacruz,258 Cedar St,555-234-5678,example382@example.com,14/12/1993
386,VIP,Amelia,Hatfield,369 Walnut St,555-345-6789,example383@example.com,27/1/1980
387,VIP,Oliver,Mcmillan,471 Cherry St,555-456-7890,example384@example.com,12/3/1995
388,VIP,Harper,Rowland,582 Spruce St,555-567-8901,example385@example.com,25/4/1989
389,VIP,William,Stanton,693 Pine St,555-678-9012,example386@example.com,8/6/1994
390,VIP,Sophia,Vance,714 Elm St,555-789-0123,example387@example.com,21/7/1981
391,VIP,Matthew,Baird,825 Oak St,555-890-1234,example388@example.com,4/9/1996
392,VIP,Abigail,Lester,936 Birch St,555-901-2345,example389@example.com,17/10/1983
393,VIP,Alexander,Mcguire,147 Cedar St,555-012-3456,example390@example.com,30/12/1988
394,VIP,Mia,Moses,258 Walnut St,555-123-4567,example391@example.com,12/2/1994
395,VIP,Ethan,Santos,369 Cherry St,555-234-5678,example392@example.com,26/3/1980
396,VIP,Charlotte,Vogel,471 Spruce St,555-345-6789,example393@example.com,9/5/1995
397,VIP,Olivia,Watt,582 Pine St,555-456-7890,example394@example.com,22/6/1989
398,VIP,Noah,Blackwell,693 Elm St,555-567-8901,example395@example.com,5/8/1994
399,VIP,Emily,Cobb,714 Oak St,555-678-9012,example396@example.com,18/9/1981
400,VIP,Isabella,Eaton,825 Birch St,555-789-0123,example397@example.com,1/11/1996
401,VIP,Harper,Hester,936 Cedar St,555-890-1234,example398@example.com,15/12/1983
402,VIP,Lucas,Kemp,147 Walnut St,555-901-2345,example399@example.com,28/1/1989
403,VIP,Amelia,Mcpherson,258 Cherry St,555-012-3456,example400@example.com,13/3/1994
404,New,Oliver,Rasmussen,369 Spruce St,555-123-4567,example401@example.com,26/5/1980
405,New,Ava,Wooten,471 Pine St,555-234-5678,example402@example.com,9/7/1995
406,New,James,Bass,582 Elm St,555-345-6789,example403@example.com,22/8/1989
407,New,Evelyn,Briggs,693 Oak St,555-456-7890,example404@example.com,5/10/1994
408,New,William,Dalton,714 Birch St,555-567-8901,example405@example.com,18/11/1981
409,New,Sophia,Cordova,825 Cedar St,555-678-9012,example406@example.com,1/1/1996
410,New,Michael,Gamble,936 Walnut St,555-789-0123,example407@example.com,14/2/1983
411,New,Daniel,Holland,147 Cherry St,555-890-1234,example408@example.com,29/4/1988
412,New,Mia,Bass,258 Spruce St,555-901-2345,example409@example.com,12/6/1993
413,New,Emma,Dickinson,369 Pine St,555-012-3456,example410@example.com,25/7/1980
414,New,Ethan,Goddard,471 Elm St,555-123-4567,example411@example.com,7/9/1995
415,New,Alexander,Huber,582 Oak St,555-234-5678,example412@example.com,20/10/1989
416,New,Olivia,Kramer,693 Birch St,555-345-6789,example413@example.com,3/12/1994
417,New,Elijah,Mata,714 Cedar St,555-456-7890,example414@example.com,15/1/1982
418,New,Isabella,Moses,825 Walnut St,555-567-8901,example415@example.com,30/3/1996
419,New,Emily,Potts,936 Cherry St,555-678-9012,example416@example.com,13/5/1983
420,New,Benjamin,Shields,147 Spruce St,555-789-0123,example417@example.com,26/6/1988
421,New,Ava,Whitfield,Elm St,555-123-4567,example460@example.com,27/11/1996
422,New,Charlotte,Burgess,936 Walnut St,555-234-5678,example461@example.com,10/1/1983
423,New,Lucas,Delgado,147 Cherry St,555-345-6789,example462@example.com,23/2/1988
424,New,Amelia,Hawkins,258 Spruce St,555-456-7890,example463@example.com,8/4/1993
425,New,Oliver,Madden,369 Pine St,555-567-8901,example464@example.com,21/5/1980
426,New,Harper,Roy,471 Elm St,555-678-9012,example465@example.com,4/7/1995
427,New,William,Stevens,582 Oak St,555-789-0123,example466@example.com,17/8/1989
428,New,Sophia,Vaughan,693 Birch St,555-890-1234,example467@example.com,30/10/1994
429,New,Matthew,Baker,714 Cedar St,555-901-2345,example468@example.com,12/12/1981
430,New,Abigail,Levy,825 Walnut St,555-012-3456,example469@example.com,25/1/1996
431,New,Alexander,Mckinney,936 Cherry St,555-123-4567,example470@example.com,10/3/1983
432,New,Mia,Moss,147 Spruce St,555-234-5678,example471@example.com,23/4/1988
433,New,Ethan,Sargent,258 Pine St,555-345-6789,example472@example.com,6/6/1993
434,New,Charlotte,Wade,369 Elm St,555-456-7890,example473@example.com,19/7/1980
435,New,Olivia,Walter,471 Oak St,555-567-8901,example474@example.com,1/9/1995
436,New,Noah,Blanchard,582 Birch St,555-678-9012,example475@example.com,14/10/1989
437,New,Emily,Cochran,693 Walnut St,555-789-0123,example476@example.com,27/11/1994
438,New,Isabella,Edwards,714 Cherry St,555-890-1234,example477@example.com,9/1/1981
439,New,Harper,Hill,825 Spruce St,555-901-2345,example478@example.com,24/3/1996
440,New,Lucas,Kennedy,936 Pine St,555-012-3456,example479@example.com,7/5/1983
441,New,Amelia,Mclean,147 Elm St,555-123-4567,example480@example.com,20/6/1988
442,New,Oliver,Reese,258 Oak St,555-234-5678,example481@example.com,3/8/1993
443,New,Ava,Workman,369 Birch St,555-345-6789,example482@example.com,16/9/1980
444,New,James,Battle,471 Cedar St,555-456-7890,example483@example.com,29/11/1995
445,New,Evelyn,Brock,582 Walnut St,555-567-8901,example484@example.com,11/1/1989
446,New,William,Daniel,693 Cherry St,555-678-9012,example485@example.com,24/2/1994
447,New,Sophia,Crosby,714 Spruce St,555-789-0123,example486@example.com,9/4/1981
448,New,Michael,Gentry,825 Pine St,555-890-1234,example487@example.com,22/6/1996
449,New,Daniel,Holloway,936 Elm St,555-901-2345,example488@example.com,5/8/1983
450,New,Mia,Brewer,147 Oak St,555-012-3456,example489@example.com,18/9/1988
451,New,Emma,Diaz,258 Birch St,555-123-4567,example490@example.com,1/11/1993
452,New,Ethan,Gomez,369 Walnut St,555-234-5678,example491@example.com,14/12/1980
453,New,Alexander,Hudson,471 Cherry St,555-345-6789,example492@example.com,27/1/1996
454,New,Olivia,Kidd,582 Spruce St,555-456-7890,example493@example.com,12/3/1989
455,New,Elijah,Maynard,693 Pine St,555-567-8901,example494@example.com,25/4/1994
456,New,Isabella,Mosley,714 Elm St,555-678-9012,example495@example.com,8/6/1981
457,New,Emily,Powell,825 Oak St,555-789-0123,example496@example.com,22/7/1996
458,New,Benjamin,Singleton,936 Birch St,555-890-1234,example497@example.com,4/9/1983
459,New,Ava,Wilcox,147 Cedar St,555-901-2345,example498@example.com,17/10/1988
460,New,Charlotte,Burke,258 Walnut St,555-012-3456,example499@example.com,30/12/1994
461,New,Lucas,Dillon,369 Cherry St,555-123-4567,example500@example.com,12/2/1980
462,New,Amelia,Hayes,471 Spruce St,555-234-5678,example501@example.com,27/3/1995
463,New,Oliver,Mann,582 Pine St,555-345-6789,example502@example.com,10/5/1989
464,New,Harper,Ruiz,693 Elm St,555-456-7890,example503@example.com,23/6/1994
465,New,William,Stewart,714 Oak St,555-567-8901,example504@example.com,6/8/1981
466,New,Sophia,Villanueva,825 Birch St,555-678-9012,example505@example.com,19/9/1996
467,New,Matthew,Ballard,936 Walnut St,555-789-0123,example506@example.com,2/11/1983
468,New,Abigail,Lindsay,147 Cherry St,555-890-1234,example507@example.com,15/12/1988
469,New,Alexander,Mcneil,258 Spruce St,555-901-2345,example508@example.com,28/1/1994
470,New,Mia,Moyer,369 Pine St,555-012-3456,example509@example.com,12/3/1980
471,New,Ethan,Sellers,471 Elm St,555-123-4567,example510@example.com,25/4/1995
472,New,Charlotte,Wiley,582 Oak St,555-234-5678,example511@example.com,8/6/1989
473,New,Olivia,Warner,693 Birch St,555-345-6789,example512@example.com,21/7/1994
474,New,Noah,Booker,714 Cedar St,555-456-7890,example513@example.com,4/9/1981
475,New,Emily,Coleman,825 Walnut St,555-567-8901,example514@example.com,17/10/1996
476,New,Isabella,Erickson,936 Cherry St,555-678-9012,example515@example.com,30/12/1983
477,New,Harper,Holloway,147 Spruce St,555-789-0123,example516@example.com,12/2/1989
478,New,Lucas,Lindsay,258 Pine St,555-890-1234,example517@example.com,27/3/1994
479,New,Amelia,Mullen,369 Elm St,555-901-2345,example518@example.com,10/5/1980
480,New,Oliver,Robles,471 Oak St,555-012-3456,example519@example.com,23/6/1995
481,New,Ava,Yang,582 Birch St,555-123-4567,example520@example.com,6/8/1989
482,New,James,Baxter,693 Walnut St,555-234-5678,example521@example.com,19/9/1994
483,New,Evelyn,Browning,714 Cherry St,555-345-6789,example522@example.com,2/11/1981
484,New,William,David,825 Spruce St,555-456-7890,example523@example.com,15/12/1996
485,New,Sophia,Cross,936 Pine St,555-567-8901,example524@example.com,28/1/1984
486,New,Michael,Gibbs,147 Elm St,555-678-9012,example525@example.com,12/3/1989
487,New,Daniel,Holt,258 Oak St,555-789-0123,example526@example.com,25/4/1994
488,New,Mia,Burch,369 Birch St,555-890-1234,example527@example.com,8/6/1980
489,New,Emma,Dillard,471 Cedar St,555-901-2345,example528@example.com,21/7/1995
490,New,Ethan,Gonzales,582 Walnut St,555-012-3456,example529@example.com,4/9/1989
491,New,Alexander,Huff,693 Cherry St,555-123-4567,example530@example.com,17/10/1994
492,New,Olivia,Kirkland,714 Spruce St,555-234-5678,example531@example.com,30/12/1981
493,New,Elijah,Mccormick,825 Pine St,555-345-6789,example532@example.com,12/2/1997
494,New,Isabella,Mullen,936 Elm St,555-456-7890,example533@example.com,27/3/1984
495,New,Emily,Parks,147 Oak St,555-567-8901,example534@example.com,10/5/1989
496,New,Benjamin,Shaffer,258 Birch St,555-678-9012,example535@example.com,23/6/1994
497,New,Ava,Wiley,369 Walnut St,555-789-0123,example536@example.com,6/8/1980
498,New,Charlotte,Burns,471 Cherry St,555-890-1234,example537@example.com,19/9/1995
499,New,Lucas,Duke,582 Spruce St,555-901-2345,example538@example.com,2/11/1989